{
  "statistics": {
    "low": {
      "count": 911,
      "mean_score": 0.6346460403124142,
      "std_score": 0.07527744389607999,
      "high_conf_rate": 95.82875960482986,
      "very_high_conf_rate": 19.209659714599344
    },
    "medium": {
      "count": 386,
      "mean_score": 0.5859093732290318,
      "std_score": 0.08720434495120476,
      "high_conf_rate": 84.71502590673575,
      "very_high_conf_rate": 9.585492227979273
    },
    "heavy": {
      "count": 220,
      "mean_score": 0.4191491865678267,
      "std_score": 0.07250609313944868,
      "high_conf_rate": 14.545454545454545,
      "very_high_conf_rate": 0.45454545454545453
    }
  },
  "correlation": {
    "pearson": {
      "r": 0.688764574015795,
      "p": 7.444084493438376e-214
    },
    "spearman": {
      "r": 0.5460591286876777,
      "p": 1.228800305694049e-118
    }
  }
}