{
  "statistics": {
    "low": {
      "count": 809,
      "mean_iou": 0.8258420628182146,
      "std_iou": 0.08750321474229922,
      "detection_rate": 0.9950556242274413
    },
    "medium": {
      "count": 341,
      "mean_iou": 0.7473697437109182,
      "std_iou": 0.12234033783593036,
      "detection_rate": 0.9589442815249267
    },
    "heavy": {
      "count": 174,
      "mean_iou": 0.5975174702495923,
      "std_iou": 0.19844204011358768,
      "detection_rate": 0.735632183908046
    }
  },
  "correlation": {
    "pearson": {
      "r": 0.6015018899812457,
      "p": 4.3235296278071697e-131
    },
    "spearman": {
      "r": 0.5550798671502641,
      "p": 7.229822637748002e-108
    }
  }
}